{
  "ours": {
    "blca": {
      "os": [
        0.6601453916216433,
        0.051482298357276766
      ],
      "dss": [
        0.6597012801190454,
        0.03540282679537139
      ],
      "pfi": [
        0.6530941670415354,
        0.04154276522933094
      ],
      "bacc": [
        null,
        null
      ]
    },
    "brca": {
      "os": [
        0.7076788417045924,
        0.012388671418385079
      ],
      "dss": [
        0.710616487914008,
        0.01598080996795401
      ],
      "pfi": [
        0.706745658789314,
        0.015633170340639012
      ],
      "bacc": [
        null,
        null
      ]
    },
    "gbmlgg": {
      "os": [
        0.6208135115875659,
        0.022653232880841798
      ],
      "dss": [
        0.0,
        0.0
      ],
      "pfi": [
        0.0,
        0.0
      ],
      "bacc": [
        0.9498355263157894,
        0.03174468879926976
      ]
    },
    "kirc": {
      "os": [
        0.48069627102388884,
        0.03262910665866301
      ],
      "dss": [
        0.517073731579291,
        0.0209267412910665
      ],
      "pfi": [
        0.4713605344776973,
        0.07789055615698334
      ],
      "bacc": [
        null,
        null
      ]
    },
    "luad": {
      "os": [
        0.5477683525051946,
        0.05821835678453454
      ],
      "dss": [
        0.5477512698336497,
        0.07121924240116213
      ],
      "pfi": [
        0.5516156224019716,
        0.06426170704944005
      ],
      "bacc": [
        null,
        null
      ]
    }
  },
  "mcat_new": {
    "blca": {
      "os": [
        0.6524657327836716,
        0.03893017544633449
      ]
    },
    "brca": {
      "os": [
        0.7377623560500209,
        0.04422988273520176
      ]
    },
    "gbmlgg": {
      "os": [
        0.8392059212437448,
        0.0283674430807989
      ]
    },
    "kirc": {
      "os": [
        0.5,
        0.0
      ]
    },
    "luad": {
      "os": [0.6719, 0.0481]
    }
  },
  "coattn_new": {
    "blca": {
      "os": [
        0.6295769023750599,
        0.05487532940902961
      ]
    },
    "brca": {
      "os": [
        0.6943004520588716,
        0.0723744299070734
      ]
    },
    "gbmlgg": {
      "os": [
        null,
        null
      ]
    },
    "kirc": {
      "os": [
        null,
        null
      ]
    },
    "luad": {
      "os": [
        null,
        null
      ]
    }
  },
  "amil_new": {
    "blca": {
      "os": [0.6300, 0.0607]
    },
    "brca": {
      "os": [0.7012, 0.0642]
    },
    "gbmlgg": {
      "os": [0.8280, 0.0267]
    },
    "kirc": {
      "os": [0.7224, 0.0316]
    },
    "luad": {
      "os": [0.6341, 0.0797]
    }
  },
  "survpath_new": {
    "blca": {
      "os": [
        0.6508395986323288,
        0.03030556452921381
      ]
    },
    "brca": {
      "os": [
        0.7114430680005819,
        0.07058477314005017
      ]
    },
    "gbmlgg": {
      "os": [
        null,
        null
      ]
    },
    "kirc": {
      "os": [
        null,
        null
      ]
    },
    "luad": {
      "os": [
        null,
        null
      ]
    }
  },
  "motcat_new": {
    "blca": {
      "os": [0.6656, 0.0343]
    },
    "brca": {
      "os": [0.7286, 0.0409]
    },
    "gbmlgg": {
      "os": [
        0.8474388039335141,
        0.025491134945958754
      ]
    },
    "kirc": {
      "os": [
        null,
        null
      ]
    },
    "luad": {
      "os": [
        null,
        null
      ]
    }
  }
}